Tweet;Sentiment
I love fitness, yoga. I love f.;Positive
"@tuyu_fitness wwwwwwwwwwwwww
??????????";Neutral
Si buscas ganar músculo y quemar grasa en el gimnasio, maximiza el tiempo de entrenamiento con estas rutinas de alta intensidad. https://t.co/uK6gLHRUKn;Neutral
"RT @tvphim18: Lecherous guy inhaled poppers to get high while masturbating lasciviously. He moaned as his cum was released?
??Next ep: http…";Positive
"Feel free to check out Health , Wellness, Fitness, Deal Check, RentCast, Foreclosures, Boxabl homes, Furniture and more on my website: https://t.co/OOpRfO0I8P

Men's Fashion https://t.co/xzY2HsOaTL

Women's Fashion 
https://t.co/x7VRz5ERDB

Custom Apparel 
https://t.co/sUU5qQPO1q https://t.co/TThDPxYLdw";Positive
Fitness pursuits have a surprising similarity to career stuff, set the plan and lift those weights of responsibility evenly..;Positive
"RT @HPhobiaWatch: @Guttajwala A sportsperson is spreading diabetes, obesity &amp;  wokeness over health, discipline &amp; fitness 

No wonder we su…";Neutral
"@VigilantFox Is @POTUS aware of this?
I'm just a Welsh granny who knew it, but I've just read his fitness report, and I'm horrified that he's on 2 dreadful statins";Negative
RT @BreatheKohli: Moments like this when you realise that he isn't a machine and despite all the fitness and diet, he isn't immune to age a…;Neutral
"RT @HPhobiaWatch: @Guttajwala A sportsperson is spreading diabetes, obesity &amp;  wokeness over health, discipline &amp; fitness 

No wonder we su…";Neutral
